﻿<?xml version="1.0" encoding="utf-8"?>
<EIZO_LCD_Utility_Disk>
  <Launcher_Title>EIZO LCD Utility Setup</Launcher_Title>
  <Application_Tab>
    <Title>ソフトウェア</Title>
    <Button_Info>
      <Title>ScreenManager Pro for LCD (DDC/CI)</Title>
      <Caption>マウスやキーボードを使って画面を調整するソフトウェアです。</Caption>
      <Item>Application</Item>
      <SubButton_Info>
        <Title>インストール</Title>
        <Item>Installer</Item>
        <Support_OS_Info>
          <OS>7</OS>
          <OS>8</OS>
        </Support_OS_Info>
        <Pre_Message>DisplayPortもしくはHDMI接続している場合、ScreenManager Pro for LCD (DDC/CI)は使用できません。
信号ケーブルを確認してください。

[OK]をクリックするとインストールを続行します。</Pre_Message>
        <App_Close_Info>
          <App_Name>ScreenManager Pro for LCD</App_Name>
          <App_Name>ScreenManager Pro for LCD (DDC/CI)</App_Name>
          <App_Name>ScreenManager Pro</App_Name>
        </App_Close_Info>
        <Uninstall_Info>
          <Product_Code>{DAB265AD-27B2-4651-B8D8-F4F3A8ECC705}</Product_Code>
        </Uninstall_Info>
        <Execute_File_Name>\\Installer\\SMPro DDC_CI\\setup.exe</Execute_File_Name>
      </SubButton_Info>
      <SubButton_Info>
        <Title>取扱説明書</Title>
        <Item>Folder</Item>
        <Folder_Info>
          <Folder_Name>\\Manual\\SMPro DDC_CI</Folder_Name>
        </Folder_Info>
      </SubButton_Info>
    </Button_Info>
  </Application_Tab>
</EIZO_LCD_Utility_Disk>